OKINAWA BROWN SUGAR BOBA MILK,REDVELVET LATTE,LUMOS KOPI SUSU SIGNATURE,,,,,
KOREAN GARLIC BREAD,GREENTEA MATCHA LATTE,LUMOS KOPI SUSU SIGNATURE,,,,,
GREENTEA MATCHA LATTE,STRAWBERRY YAKULT,,,,,,
BOMBOLONI,LUMOS KOPI SUSU SIGNATURE,,,,,,
COOKIES AND CREAM LATTE,,,,,,,
CAFE LATTE HOT,,,,,,,
LUMOS KOPI SUSU SIGNATURE,,,,,,,
CAFE LATTE ICE,,,,,,,
CAFE LATTE ICE,,,,,,,
COOKIES AND CREAM LATTE,LUMOS KOPI SUSU SIGNATURE,LYCHEE YAKULT,,,,,
LUMOS KOPI SUSU SIGNATURE,,,,,,,
LUMOS KOPI SUSU SIGNATURE,,,,,,,
LUMOS KOPI SUSU SIGNATURE,,,,,,,
CAFE LATTE HOT,,,,,,,
LUMOS KOPI SUSU SIGNATURE,,,,,,,
CARAMEL LATTE ICE,LUMOS KOPI SUSU SIGNATURE,,,,,,
CHOCO LATTE,,,,,,,
REDVELVET LATTE,KLEPON LATTE,COOKIES AND CREAM LATTE,,,,,
LUMOS KOPI SUSU SIGNATURE,,,,,,,
CAFE LATTE HOT,,,,,,,
OKINAWA BROWN SUGAR BOBA MILK,,,,,,,
LYCHEE YAKULT,,,,,,,
BANANA LATTE,MANUAL BREW JAPANESE ICE DRIP,,,,,,
LYCHEE YAKULT,,,,,,,
LUMOS KOPI SUSU SIGNATURE,,,,,,,
CAFE LATTE ICE,,,,,,,
LUMOS KOPI SUSU SIGNATURE,,,,,,,
AVOCADO PRESSO,LUMOS KOPI SUSU SIGNATURE,,,,,,
LONG BLACK ICE,,,,,,,
CAPPUCINO HOT,,,,,,,
LYCHEE YAKULT,LUMOS KOPI SUSU SIGNATURE,,,,,,
LYCHEE YAKULT,LUMOS KOPI SUSU SIGNATURE,,,,,,
LUMOS KOPI SUSU SIGNATURE,,,,,,,
CHOCO LATTE,LUMOS KOPI SUSU SIGNATURE,,,,,,
CAPPUCINO HOT,LUMOS KOPI SUSU SIGNATURE,,,,,,
CARAMEL MACCHIATO,,,,,,,
HONEY CITRON TEA,,,,,,,
KOREAN GARLIC BREAD,HONEY CITRON TEA,AVOCADO PRESSO,,,,,
LUMOS KOPI SUSU SIGNATURE,,,,,,,
GREENTEA MATCHA LATTE,,,,,,,
LUMOS KOPI SUSU SIGNATURE,,,,,,,
CARAMEL LATTE ICE,,,,,,,
KLEPON LATTE,,,,,,,
LUMOS KOPI SUSU SIGNATURE,,,,,,,
ESPRESSO,CAFE LATTE HOT,,,,,,
KOREAN GARLIC BREAD,,,,,,,
KOREAN GARLIC BREAD,KLEPON LATTE,HAZELNUT LATTE ICE,,,,,
LUMOS KOPI SUSU SIGNATURE,,,,,,,
LUMOS KOPI SUSU SIGNATURE,KLEPON LATTE,REDVELVET LATTE,,,,,
CARAMEL MACCHIATO,,,,,,,
LUMOS KOPI SUSU SIGNATURE,,,,,,,
AVOCADO PRESSO,,,,,,,
GREENTEA MATCHA LATTE,,,,,,,
LUMOS KOPI SUSU SIGNATURE,,,,,,,
KLEPON LATTE,COOKIES AND CREAM LATTE,LYCHEE YAKULT,,,,,
LYCHEE YAKULT,,,,,,,
REDVELVET LATTE,,,,,,,
GREENTEA MATCHA LATTE,,,,,,,
REDVELVET LATTE,,,,,,,
KOREAN GARLIC BREAD,,,,,,,
HONEY CITRON TEA,LUMOS KOPI SUSU SIGNATURE,,,,,,
KOREAN GARLIC BREAD,,,,,,,
KOREAN GARLIC BREAD,,,,,,,
KOREAN GARLIC BREAD,LUMOS KOPI SUSU SIGNATURE,,,,,,
OKINAWA BROWN SUGAR BOBA MILK,,,,,,,
VANILLA LATTE ICE,,,,,,,
GREENTEA MATCHA LATTE,LUMOS KOPI SUSU SIGNATURE,,,,,,
KLEPON LATTE,LUMOS KOPI SUSU SIGNATURE,,,,,,
CHOCO LATTE,LUMOS KOPI SUSU SIGNATURE,,,,,,
LUMOS KOPI SUSU SIGNATURE,,,,,,,
LUMOS KOPI SUSU SIGNATURE,,,,,,,
KOREAN GARLIC BREAD,GREENTEA MATCHA LATTE,LUMOS KOPI SUSU SIGNATURE,,,,,
CARAMEL LATTE ICE,LUMOS KOPI SUSU SIGNATURE,,,,,,
KOREAN GARLIC BREAD,,,,,,,
LUMOS KOPI SUSU SIGNATURE,MANUAL BREW JAPANESE ICE DRIP,,,,,,
LUMOS KOPI SUSU SIGNATURE,,,,,,,
CARAMEL LATTE ICE,REDVELVET LATTE,,,,,,
LUMOS KOPI SUSU SIGNATURE,,,,,,,
KOREAN GARLIC BREAD,,,,,,,
LONG BLACK HOT,,,,,,,
CAFE LATTE HOT,AVOCADO PRESSO,,,,,,
KOREAN GARLIC BREAD,,,,,,,
REDVELVET LATTE,,,,,,,
VANILLA LATTE ICE,LYCHEE YAKULT,,,,,,
GREENTEA MATCHA LATTE,,,,,,,
VANILLA LATTE ICE,AVOCADO PRESSO,,,,,,
LYCHEE YAKULT,,,,,,,
GREENTEA MATCHA LATTE,,,,,,,
STRAWBERRY YAKULT,LUMOS KOPI SUSU SIGNATURE,,,,,,
REDVELVET LATTE,LUMOS KOPI SUSU SIGNATURE,,,,,,
REDVELVET LATTE,LUMOS KOPI SUSU SIGNATURE,,,,,,
LYCHEE TEA,REDVELVET LATTE,THAI TEA,BANANA LATTE,LUMOS KOPI SUSU SIGNATURE,,,
MANUAL BREW V60,,,,,,,
GREENTEA MATCHA LATTE,,,,,,,
LUMOS KOPI SUSU SIGNATURE,,,,,,,
LUMOS KOPI SUSU SIGNATURE,,,,,,,
LUMOS KOPI SUSU SIGNATURE,,,,,,,
CAFE LATTE HOT,,,,,,,
KOREAN GARLIC BREAD,CHOCO LATTE,,,,,,
LUMOS KOPI SUSU SIGNATURE,,,,,,,
COOKIES AND CREAM LATTE,LUMOS KOPI SUSU SIGNATURE,,,,,,
COOKIES AND CREAM LATTE,LUMOS KOPI SUSU SIGNATURE,,,,,,
CARAMEL MACCHIATO,,,,,,,
LUMOS KOPI SUSU SIGNATURE,,,,,,,
LUMOS KOPI SUSU SIGNATURE,,,,,,,
LYCHEE YAKULT,LUMOS KOPI SUSU SIGNATURE,,,,,,
LYCHEE YAKULT,GREENTEA MATCHA LATTE,CARAMEL LATTE ICE,LUMOS KOPI SUSU SIGNATURE,,,,
THAI TEA,CAPPUCINO ICE,,,,,,
LUMOS KOPI SUSU SIGNATURE,,,,,,,
GREENTEA MATCHA LATTE,,,,,,,
CARAMEL LATTE ICE,MANUAL BREW JAPANESE ICE DRIP,CAPPUCINO HOT,OKINAWA BROWN SUGAR BOBA MILK,,,,
KOREAN GARLIC BREAD,BANANA LATTE,,,,,,
KOREAN GARLIC BREAD,,,,,,,
AVOCADO PRESSO,CAFE LATTE HOT,,,,,,
LEKKER HOLAND,,,,,,,
LEKKER HOLAND,CAPPUCINO ICE,OKINAWA BROWN SUGAR BOBA MILK,,,,,
OKINAWA BROWN SUGAR BOBA MILK,LUMOS KOPI SUSU SIGNATURE,,,,,,
LUMOS KOPI SUSU SIGNATURE,,,,,,,
LUMOS KOPI SUSU SIGNATURE,REDVELVET LATTE,,,,,,
GREENTEA MATCHA LATTE,LUMOS KOPI SUSU SIGNATURE,CHOCO LATTE,,,,,
LUMOS KOPI SUSU SIGNATURE,,,,,,,
LUMOS KOPI SUSU SIGNATURE,,,,,,,
LUMOS KOPI SUSU SIGNATURE,CAPPUCINO HOT,,,,,,
KOREAN GARLIC BREAD,LUMOS KOPI SUSU SIGNATURE,GREENTEA MATCHA LATTE,,,,,
LUMOS KOPI SUSU SIGNATURE,,,,,,,
KLEPON LATTE,,,,,,,
MANUAL BREW V60,,,,,,,
KLEPON LATTE,LUMOS KOPI SUSU SIGNATURE,,,,,,
LUMOS KOPI SUSU SIGNATURE,,,,,,,
ESPRESSO,LUMOS KOPI SUSU SIGNATURE,,,,,,
LUMOS KOPI SUSU SIGNATURE,,,,,,,
GREENTEA MATCHA LATTE,,,,,,,
GREENTEA MATCHA LATTE,,,,,,,
CARAMEL LATTE ICE,KOREAN GARLIC BREAD,VANILLA LATTE ICE,,,,,
CHOCO LATTE,,,,
LUMOS KOPI SUSU SIGNATURE,,,,,,,
CARAMEL MACCHIATO,,,,,,,
ESPRESSO,CARAMEL MACCHIATO,LUMOS KOPI SUSU SIGNATURE,,,,,
CAFE LATTE HOT,,,,,,,
GREENTEA MATCHA LATTE,CHOCO LATTE,,,,,,
LEKKER HOLAND,REDVELVET LATTE,,,,,,
CAFE LATTE ICE,LUMOS KOPI SUSU SIGNATURE,,,,,,
LUMOS KOPI SUSU SIGNATURE,,,,,,,
REDVELVET LATTE,CAFE LATTE ICE,,,,,,
OKINAWA BROWN SUGAR BOBA MILK,KLEPON LATTE,,,,,,
KLEPON LATTE,,,,,,,
GREENTEA MATCHA LATTE,REDVELVET LATTE,,,,,,
LUMOS KOPI SUSU SIGNATURE,,,,,,,
CINNAMON ROLL,LEKKER HOLAND,LUMOS KOPI SUSU SIGNATURE,,,,,
CINNAMON ROLL,,,,,,,
LEKKER HOLAND,,,,,,,
LUMOS KOPI SUSU SIGNATURE,STRAWBERRY SPARKLING,CHOCO LATTE,,,,,
LEKKER HOLAND,,,,,,,
CARAMEL MACCHIATO,,,,,,,
KOREAN GARLIC BREAD,LUMOS KOPI SUSU SIGNATURE,CAPPUCINO HOT,,,,,
LUMOS KOPI SUSU SIGNATURE,,,,,,,
LUMOS KOPI SUSU SIGNATURE,OKINAWA BROWN SUGAR BOBA MILK,,,,,,
LUMOS KOPI SUSU SIGNATURE,,,,,,,
STRAWBERRY YAKULT,LUMOS KOPI SUSU SIGNATURE,,,,,,
KOREAN GARLIC BREAD,,,,,,,
KOREAN GARLIC BREAD,CAPPUCINO ICE,LUMOS KOPI SUSU SIGNATURE,,,,,
CAFE LATTE HOT,,,,,,,
LONG BLACK ICE,COOKIES AND CREAM LATTE,,,,,,
LEKKER HOLAND,KOREAN GARLIC BREAD,,,,,,
CAPPUCINO ICE,LUMOS KOPI SUSU SIGNATURE,,,,,,
LUMOS KOPI SUSU SIGNATURE,,,,,,,
CHOCO LATTE,,,,,,,
CHOCO LATTE,REDVELVET LATTE,,,,,,
CARAMEL MACCHIATO,LUMOS KOPI SUSU SIGNATURE,,,,,,
CARAMEL MACCHIATO,,,,,,,
CARAMEL MACCHIATO,,,,,,,
COOKIES AND CREAM LATTE,,,,,,,
LUMOS KOPI SUSU SIGNATURE,,,,,,,
KLEPON LATTE,LUMOS KOPI SUSU SIGNATURE,CHOCO LATTE,,,,,
LUMOS KOPI SUSU SIGNATURE,,,,,,,
LUMOS KOPI SUSU SIGNATURE,,,,,,,
LUMOS KOPI SUSU SIGNATURE,,,,,,,
COOKIES AND CREAM LATTE,,,,,,,
REDVELVET LATTE,LUMOS KOPI SUSU SIGNATURE,,,,,,
COOKIES AND CREAM LATTE,LUMOS KOPI SUSU SIGNATURE,AVOCADO PRESSO,,,,,
CARAMEL LATTE ICE,OKINAWA BROWN SUGAR BOBA MILK,LUMOS KOPI SUSU SIGNATURE,KOREAN GARLIC BREAD,,,,
LUMOS KOPI SUSU SIGNATURE,,,,,,,
LUMOS KOPI SUSU SIGNATURE,,,,,,,
CARAMEL MACCHIATO,LONG BLACK HOT,,,,,,
LUMOS KOPI SUSU SIGNATURE,,,,,,,
CARAMEL LATTE ICE,,,,,,,
GREENTEA MATCHA LATTE,,,,,,,
BROWN SUGAR BOBA MILK TEA,LUMOS KOPI SUSU SIGNATURE,,,,,,
AVOCADO PRESSO,LUMOS KOPI SUSU SIGNATURE,,,,,,
CAPPUCINO HOT,,,,,,,
REDVELVET LATTE,CARAMEL MACCHIATO,,,,,,
OKINAWA BROWN SUGAR BOBA MILK,LUMOS KOPI SUSU SIGNATURE,,,,,,
MANUAL BREW V60,,,,,,,
LUMOS KOPI SUSU SIGNATURE,GREENTEA MATCHA LATTE,CHOCO LATTE,,,,,
LYCHEE YAKULT,LUMOS KOPI SUSU SIGNATURE,,,,,,
BROWN SUGAR BOBA MILK TEA,,,,,,,
CHOCO LATTE,LYCHEE YAKULT,COOKIES AND CREAM LATTE,,,,,
BANANA LATTE,KLEPON LATTE,,,,,,
AVOCADO PRESSO,,,,,,,
GREENTEA MATCHA LATTE,,,,,,,
LUMOS KOPI SUSU SIGNATURE,,,,,,,
ESPRESSO,LUMOS KOPI SUSU SIGNATURE,,,,,,
LUMOS KOPI SUSU SIGNATURE,,,,,,,
AVOCADO PRESSO,LUMOS KOPI SUSU SIGNATURE,,,,,,
LUMOS KOPI SUSU SIGNATURE,,,,,,,
LUMOS KOPI SUSU SIGNATURE,,,,,,,
THAI TEA,,,,,,,
LUMOS KOPI SUSU SIGNATURE,,,,,,,
LUMOS KOPI SUSU SIGNATURE,,,,,,,
LUMOS KOPI SUSU SIGNATURE,REDVELVET LATTE,,,,,,
AVOCADO PRESSO,CAFE LATTE HOT,,,,,,
COOKIES AND CREAM LATTE,LUMOS KOPI SUSU SIGNATURE,,,,,,
LUMOS KOPI SUSU SIGNATURE,,,,,,,
CARAMEL LATTE ICE,VANILLA LATTE ICE,LUMOS KOPI SUSU SIGNATURE,LYCHEE YAKULT,,,,
LUMOS KOPI SUSU SIGNATURE,,,,,,,
LUMOS KOPI SUSU SIGNATURE,CHOCO LATTE,REDVELVET LATTE,,,,,
AVOCADO PRESSO,KOREAN GARLIC BREAD,STRAWBERRY YAKULT,REDVELVET LATTE,,,,
CAFE LATTE HOT,AVOCADO PRESSO,,,,,,
LYCHEE YAKULT,,,,,,,
LUMOS KOPI SUSU SIGNATURE,,,,,,,
CAFE LATTE ICE,LUMOS KOPI SUSU SIGNATURE,,,,,,
CAFE LATTE ICE,LUMOS KOPI SUSU SIGNATURE,COOKIES AND CREAM LATTE,,,,,
LYCHEE YAKULT,AVOCADO PRESSO,,,,,,
LUMOS KOPI SUSU SIGNATURE,,,,,,,
CHOCO LATTE,KLEPON LATTE,,,,,,
STRAWBERRY SPARKLING,,,,,,,
REDVELVET LATTE,LUMOS KOPI SUSU SIGNATURE,,,,,,
LYCHEE YAKULT,LUMOS KOPI SUSU SIGNATURE,,,,,,
CHOCO LATTE,,,,,,,
KLEPON LATTE,,,,,,,
GREENTEA MATCHA LATTE,,,,,,,
AVOCADO PRESSO,,,,,,,
LUMOS KOPI SUSU SIGNATURE,,,,,,,
CAPPUCINO HOT,LYCHEE YAKULT,,,,,,
LUMOS KOPI SUSU SIGNATURE,DURIAN PRESSO,,,,,,
COOKIES AND CREAM LATTE,KOREAN GARLIC BREAD,,,,,,
KOREAN GARLIC BREAD,REDVELVET LATTE,GREENTEA MATCHA LATTE,,,,,
CAPPUCINO ICE,,,,,,,
OKINAWA BROWN SUGAR BOBA MILK,,,,,,,
LUMOS KOPI SUSU SIGNATURE,REDVELVET LATTE,,,,,,
CAPPUCINO ICE,,,,,,,
GREENTEA MATCHA LATTE,,,,,,,
LUMOS KOPI SUSU SIGNATURE,DURIAN PRESSO,,,,,,
COOKIES AND CREAM LATTE,KOREAN GARLIC BREAD,,,,,,
KOREAN GARLIC BREAD,REDVELVET LATTE,GREENTEA MATCHA LATTE,,,,,
LUMOS KOPI SUSU SIGNATURE,,,,,,,
LUMOS KOPI SUSU SIGNATURE,,,,,,,
LUMOS KOPI SUSU SIGNATURE,CARAMEL MACCHIATO,KLEPON LATTE,CAFE LATTE ICE,,,,
LYCHEE YAKULT,,,,,,,
LYCHEE YAKULT,,,,,,,
AVOCADO PRESSO,,,,,,,
KLEPON LATTE,,,,,,,
HAZELNUT MACCHIATO,,,,,,,
REDVELVET LATTE,COOKIES AND CREAM LATTE,,,,,,
LUMOS KOPI SUSU SIGNATURE,LEKKER HOLAND,KOREAN GARLIC BREAD,,,,,
LUMOS KOPI SUSU SIGNATURE,,,,,,,
AVOCADO PRESSO,,,,,,,
HONEY CITRON TEA,LUMOS KOPI SUSU SIGNATURE,,,,,,
LYCHEE YAKULT,,,,,,,
LUMOS KOPI SUSU SIGNATURE,,,,,,,
LUMOS KOPI SUSU SIGNATURE,,,,,,,
LUMOS KOPI SUSU SIGNATURE,,,,,,,
KOREAN GARLIC BREAD,LUMOS KOPI SUSU SIGNATURE,,,,,,
COOKIES AND CREAM LATTE,LEKKER HOLAND,LUMOS KOPI SUSU SIGNATURE,,,,,
HONEY CITRON TEA,KLEPON LATTE,,,,,,
LUMOS KOPI SUSU SIGNATURE,,,,,,,
STRAWBERRY SPARKLING,AVOCADO PRESSO,LUMOS KOPI SUSU SIGNATURE,CARAMEL MACCHIATO,,,,
CARAMEL MACCHIATO,LUMOS KOPI SUSU SIGNATURE,,,,,,
KLEPON LATTE,COOKIES AND CREAM LATTE,CAFE LATTE ICE,LUMOS KOPI SUSU SIGNATURE,,,,
LUMOS KOPI SUSU SIGNATURE,,,,,,,
CAFE LATTE ICE,LUMOS KOPI SUSU SIGNATURE,,,,,,
LUMOS KOPI SUSU SIGNATURE,,,,,,,
LUMOS KOPI SUSU SIGNATURE,,,,,,,
CAPPUCINO HOT,LYCHEE YAKULT,,,,,,
OKINAWA BROWN SUGAR BOBA MILK,LUMOS KOPI SUSU SIGNATURE,,,,,,
CAFE LATTE HOT,,,,,,,
LUMOS KOPI SUSU SIGNATURE,,,,,,,
LUMOS KOPI SUSU SIGNATURE,,,,,,,
CAFE LATTE HOT,LUMOS KOPI SUSU SIGNATURE,,,,,,
LYCHEE YAKULT,,,,,,,
LYCHEE YAKULT,STRAWBERRY YAKULT,,,,,,
LEKKER HOLAND,LUMOS KOPI SUSU SIGNATURE,,,,,,
LEKKER HOLAND,LUMOS KOPI SUSU SIGNATURE,,,,,,
LUMOS KOPI SUSU SIGNATURE,,,,,,,
LEKKER HOLAND,LUMOS KOPI SUSU SIGNATURE,,,,,,
CAFE LATTE HOT,,,,,,,
CHOCO LATTE,LUMOS KOPI SUSU SIGNATURE,,,,,,
KOREAN GARLIC BREAD,LUMOS KOPI SUSU SIGNATURE,,,,,,
LUMOS KOPI SUSU SIGNATURE,LYCHEE YAKULT,,,,,,
STRAWBERRY YAKULT,,,,,,,
CAPPUCINO ICE,LUMOS KOPI SUSU SIGNATURE,,,,,,
LUMOS KOPI SUSU SIGNATURE,,,,,,,
LUMOS KOPI SUSU SIGNATURE,,,,,,,
CHOCO LATTE,,,,,,,
AVOCADO PRESSO,,,,,,,
KLEPON LATTE,,,,,,,
REDVELVET LATTE,,,,,,,
CARAMEL LATTE ICE,LUMOS KOPI SUSU SIGNATURE,,,,,,
LUMOS KOPI SUSU SIGNATURE,REDVELVET LATTE,,,,,,
AVOCADO PRESSO,COOKIES AND CREAM LATTE,,,,,,
LUMOS KOPI SUSU SIGNATURE,,,,,,,
LUMOS KOPI SUSU SIGNATURE,,,,,,,
CARAMEL MACCHIATO,,,,,,,
AVOCADO PRESSO,LONG BLACK ICE,,,,,,
KLEPON LATTE,,,,,,,
CAPPUCINO ICE,ESPRESSO,LUMOS KOPI SUSU SIGNATURE,,,,,
CAFE LATTE ICE,,,,,,,
LEKKER HOLAND,LUMOS KOPI SUSU SIGNATURE,,,,,,
LUMOS KOPI SUSU SIGNATURE,,,,,,,
ESPRESSO,LUMOS KOPI SUSU SIGNATURE,,,,,,
KOREAN GARLIC BREAD,LUMOS KOPI SUSU SIGNATURE,,,,,,
LEKKER HOLAND,,,,,,,
LUMOS KOPI SUSU SIGNATURE,,,,,,,
LUMOS KOPI SUSU SIGNATURE,,,,,,,
AVOCADO PRESSO,LUMOS KOPI SUSU SIGNATURE,,,,,,
CAFE LATTE HOT,LUMOS KOPI SUSU SIGNATURE,,,,,,
KOREAN GARLIC BREAD,,,,,,,
AVOCADO PRESSO,,,,,,,
KLEPON LATTE,LUMOS KOPI SUSU SIGNATURE,,,,,,
LUMOS KOPI SUSU SIGNATURE,,,,,,,
HONEY CITRON TEA,,,,,,,
KOREAN GARLIC BREAD,CAFE LATTE HOT,,,,,,
LUMOS KOPI SUSU SIGNATURE,,,,,,,
BOMBOLONI,KLEPON LATTE,,,,,,
LUMOS KOPI SUSU SIGNATURE,,,,,,,
CAFE LATTE HOT,,,,,,,
LUMOS KOPI SUSU SIGNATURE,,,,,,,
LUMOS KOPI SUSU SIGNATURE,BOMBOLONI,,,,,,
AVOCADO PRESSO,LUMOS KOPI SUSU SIGNATURE,,,,,,
BOMBOLONI,KOREAN GARLIC BREAD,LUMOS KOPI SUSU SIGNATURE,,,,,
LUMOS KOPI SUSU SIGNATURE,,,,,,,
LUMOS KOPI SUSU SIGNATURE,,,,,,,
LUMOS KOPI SUSU SIGNATURE,,,,,,,
KOREAN GARLIC BREAD,,,,,,,
HAZELNUT LATTE HOT,LYCHEE YAKULT,,,,,,
MANUAL BREW JAPANESE ICE DRIP,,,,,,,
ESPRESSO,LUMOS KOPI SUSU SIGNATURE,,,,,,
CAFE LATTE ICE,,,,,,,
CAFE LATTE HOT,,,,,,,
KOREAN GARLIC BREAD,,,,,,,
CHOCO LATTE,KLEPON LATTE,,,,,,
LUMOS KOPI SUSU SIGNATURE,LYCHEE YAKULT,,,,,,
MANUAL BREW V60,KOREAN GARLIC BREAD,AVOCADO PRESSO,LYCHEE YAKULT,,,,
KLEPON LATTE,,,,,,,
CAPPUCINO ICE,COOKIES AND CREAM LATTE,,,,,,
CARAMEL MACCHIATO,,,,,,,
REDVELVET LATTE,LYCHEE YAKULT,,,,,,
LONG BLACK ICE,LUMOS KOPI SUSU SIGNATURE,,,,,,
CHOCO LATTE,CAFE LATTE ICE,,,,,,
KOREAN GARLIC BREAD,,,,,,,
KOREAN GARLIC BREAD,LUMOS KOPI SUSU SIGNATURE,,,,,,
BROWN SUGAR BOBA MILK TEA,HONEY CITRON TEA,,,,,,
LUMOS KOPI SUSU SIGNATURE,,,,,,,
OKINAWA BROWN SUGAR BOBA MILK,,,,,,,
COOKIES AND CREAM LATTE,LUMOS KOPI SUSU SIGNATURE,,,,,,
LUMOS KOPI SUSU SIGNATURE,,,,,,,
CARAMEL MACCHIATO,,,,,,,
CARAMEL MACCHIATO,,,,,,,
CAFE LATTE HOT,CAPPUCINO ICE,CAFE LATTE ICE,,,,,
LEKKER HOLAND,LUMOS KOPI SUSU SIGNATURE,,,,,,
LUMOS KOPI SUSU SIGNATURE,,,,,,,
LUMOS KOPI SUSU SIGNATURE,,,,,,,
KOREAN GARLIC BREAD,CHOCO LATTE,,,,,,
CARAMEL MACCHIATO,,,,,,,
LUMOS KOPI SUSU SIGNATURE,,,,,,,
LEKKER HOLAND,,,,,,,
LYCHEE TEA,GREENTEA MATCHA LATTE,THAI TEA,,,,,
LUMOS KOPI SUSU SIGNATURE,,,,,,,
GREENTEA MATCHA LATTE,LYCHEE YAKULT,HAZELNUT LATTE ICE,LUMOS KOPI SUSU SIGNATURE,,,,
LEKKER HOLAND,,,,,,,
LUMOS KOPI SUSU SIGNATURE,,,,,,,
LUMOS KOPI SUSU SIGNATURE,AVOCADO PRESSO,,,,,,
KOREAN GARLIC BREAD,,,,,,,
CAPPUCINO ICE,LUMOS KOPI SUSU SIGNATURE,,,,,,
CAPPUCINO ICE,LUMOS KOPI SUSU SIGNATURE,,,,,,
BOMBOLONI,,,,,,,
LEKKER HOLAND,KOREAN GARLIC BREAD,,,,,,
HAZELNUT LATTE ICE,CHOCO LATTE,CAFE LATTE HOT,,,,,
KLEPON LATTE,GREENTEA MATCHA LATTE,HAZELNUT LATTE ICE,,,,,
CHOCO LATTE,LUMOS KOPI SUSU SIGNATURE,,,,,,
LEKKER HOLAND,,,,,,,
LEKKER HOLAND,KOREAN GARLIC BREAD,REDVELVET LATTE,,,,,
LUMOS KOPI SUSU SIGNATURE,CAFE LATTE HOT,,,,,,
LUMOS KOPI SUSU SIGNATURE,CAFE LATTE HOT,,,,,,
HONEY CITRON TEA,,,,,,,
LUMOS KOPI SUSU SIGNATURE,,,,,,,
AVOCADO PRESSO,,,,,,,
LUMOS KOPI SUSU SIGNATURE,,,,,,,
LUMOS KOPI SUSU SIGNATURE,CAFE LATTE ICE,,,,,,
KLEPON LATTE,STRAWBERRY YAKULT,,,,,,
BOMBOLONI,,,,,,,
BOMBOLONI,LUMOS KOPI SUSU SIGNATURE,,,,,,
LUMOS KOPI SUSU SIGNATURE,COOKIES AND CREAM LATTE,LEKKER HOLAND,KOREAN GARLIC BREAD,,,,
BOMBOLONI,,,,,,,
BOMBOLONI,,,,,,,
BOMBOLONI,,,,,,,
CINNAMON ROLL,,,,,,,
BROWN SUGAR BOBA MILK TEA,,,,,,,
LUMOS KOPI SUSU SIGNATURE,,,,,,,
CAPPUCINO HOT,,,,,,,
CAPPUCINO HOT,,,,,,,
HAZELNUT LATTE ICE,LUMOS KOPI SUSU SIGNATURE,,,,,,
AVOCADO PRESSO,,,,,,,
LEKKER HOLAND,LYCHEE YAKULT,LUMOS KOPI SUSU SIGNATURE,,,,,
KLEPON LATTE,,,,,,,
LUMOS KOPI SUSU SIGNATURE,,,,,,,
REDVELVET LATTE,,,,,,,
CINNAMON ROLL,LYCHEE YAKULT,CAPPUCINO ICE,,,,,
KOREAN GARLIC BREAD,OKINAWA BROWN SUGAR BOBA MILK,LYCHEE YAKULT,,,,,
LYCHEE YAKULT,,,,,,,
KOREAN GARLIC BREAD,REDVELVET LATTE,,,,,,
LUMOS KOPI SUSU SIGNATURE,,,,,,,
LYCHEE YAKULT,,,,,,,
LUMOS KOPI SUSU SIGNATURE,,,,,,,
CHOCO LATTE,HAZELNUT LATTE ICE,LYCHEE YAKULT,LUMOS KOPI SUSU SIGNATURE,,,,
LUMOS KOPI SUSU SIGNATURE,,,,,,,
LUMOS KOPI SUSU SIGNATURE,LYCHEE YAKULT,,,,,,
GREENTEA MATCHA LATTE,LUMOS KOPI SUSU SIGNATURE,,,,,,
LUMOS KOPI SUSU SIGNATURE,CAFE LATTE ICE,,,,,,
LUMOS KOPI SUSU SIGNATURE,CAFE LATTE ICE,,,,,,
CAFE LATTE HOT,,,,,,,
COOKIES AND CREAM LATTE,CAFE LATTE ICE,LUMOS KOPI SUSU SIGNATURE,,,,,
LYCHEE YAKULT,HAZELNUT LATTE ICE,,,,,,
LUMOS KOPI SUSU SIGNATURE,,,,,,,
LUMOS KOPI SUSU SIGNATURE,LEKKER HOLAND,,,,,,
CINNAMON ROLL,LUMOS KOPI SUSU SIGNATURE,,,,,,
LYCHEE YAKULT,LUMOS KOPI SUSU SIGNATURE,KOREAN GARLIC BREAD,,,,,
CAPPUCINO ICE,LONG BLACK ICE,,,,,,
LUMOS KOPI SUSU SIGNATURE,,,,,,,
KOREAN GARLIC BREAD,,,,,,,
OKINAWA BROWN SUGAR BOBA MILK,LUMOS KOPI SUSU SIGNATURE,,,,,,
CARAMEL MACCHIATO,LUMOS KOPI SUSU SIGNATURE,,,,,,
LEKKER HOLAND,,,,,,,
KOREAN GARLIC BREAD,LEKKER HOLAND,,,,,,
LUMOS KOPI SUSU SIGNATURE,,,,,,,
LONG BLACK HOT,CARAMEL LATTE ICE,,,,,,
LUMOS KOPI SUSU SIGNATURE,,,,,,,
LUMOS KOPI SUSU SIGNATURE,,,,,,,
DURIAN PRESSO,AVOCADO PRESSO,,,,,,
CAFE LATTE HOT,CAFE LATTE ICE,,,,,,
THAI TEA,,,,,,,
HAZELNUT LATTE ICE,CAPPUCINO ICE,,,,,,
COOKIES AND CREAM LATTE,LUMOS KOPI SUSU SIGNATURE,CAFE LATTE ICE,,,,,
LUMOS KOPI SUSU SIGNATURE,LYCHEE YAKULT,,,,,,
LUMOS KOPI SUSU SIGNATURE,,,,,,,
LUMOS KOPI SUSU SIGNATURE,,,,,,,
LUMOS KOPI SUSU SIGNATURE,,,,,,,
GREENTEA MATCHA LATTE,COOKIES AND CREAM LATTE,LUMOS KOPI SUSU SIGNATURE,KLEPON LATTE,,,,
LUMOS KOPI SUSU SIGNATURE,,,,,,,
LUMOS KOPI SUSU SIGNATURE,,,,,,,
LUMOS KOPI SUSU SIGNATURE,AVOCADO PRESSO,,,,,,
BROWN SUGAR BOBA MILK TEA,LUMOS KOPI SUSU SIGNATURE,,,,,,
KOREAN GARLIC BREAD,CHOCO LATTE,,,,,,
CAFE LATTE ICE,,,,,,,
KOREAN GARLIC BREAD,CINNAMON ROLL,CARAMEL LATTE ICE,DURIAN PRESSO,REDVELVET LATTE,,,
COOKIES AND CREAM LATTE,LUMOS KOPI SUSU SIGNATURE,,,,,,
VANILLA LATTE HOT,,,,,,,
LYCHEE YAKULT,,,,,,,
LUMOS KOPI SUSU SIGNATURE,,,,,,,
CAFE LATTE ICE,LYCHEE YAKULT,,,,,,
LUMOS KOPI SUSU SIGNATURE,,,,,,,
LUMOS KOPI SUSU SIGNATURE,,,,,,,
LYCHEE YAKULT,,,,,,,
LYCHEE YAKULT,BOMBOLONI,,,,,,
LUMOS KOPI SUSU SIGNATURE,,,,,,,
LUMOS KOPI SUSU SIGNATURE,,,,,,,
DURIAN PRESSO,,,,,,,
DURIAN PRESSO,,,,,,,
MANUAL BREW V60,,,,,,,
LYCHEE YAKULT,CAFE LATTE HOT,LONG BLACK HOT,,,,,
LUMOS KOPI SUSU SIGNATURE,,,,,,,
COOKIES AND CREAM LATTE,LUMOS KOPI SUSU SIGNATURE,,,,,,
LONG BLACK ICE,,,,,,,
LONG BLACK ICE,,,,,,,
CHOCO LATTE,LUMOS KOPI SUSU SIGNATURE,,,,,,
OKINAWA BROWN SUGAR BOBA MILK,,,,,,,
LUMOS KOPI SUSU SIGNATURE,,,,,,,
AVOCADO PRESSO,CAFE LATTE HOT,,,,,,
OKINAWA BROWN SUGAR BOBA MILK,LUMOS KOPI SUSU SIGNATURE,,,,,,
CHOCO LATTE,LUMOS KOPI SUSU SIGNATURE,,,,,,
CAPPUCINO HOT,,,,,,,
CAPPUCINO HOT,,,,,,,
LUMOS KOPI SUSU SIGNATURE,,,,,,,
CAFE LATTE HOT,CAPPUCINO ICE,,,,,,
CARAMEL MACCHIATO,,,,,,,
AVOCADO PRESSO,,,,,,,
LUMOS KOPI SUSU SIGNATURE,,,,,,,
MANUAL BREW JAPANESE ICE DRIP,LUMOS KOPI SUSU SIGNATURE,,,,,,
LUMOS KOPI SUSU SIGNATURE,MANUAL BREW JAPANESE ICE DRIP,,,,,,
LEKKER HOLAND,CAPPUCINO ICE,OKINAWA BROWN SUGAR BOBA MILK,LUMOS KOPI SUSU SIGNATURE,,,,
LUMOS KOPI SUSU SIGNATURE,,,,,,,
GREENTEA MATCHA LATTE,LUMOS KOPI SUSU SIGNATURE,LYCHEE YAKULT,,,,,
LONG BLACK ICE,,,,,,,
LUMOS KOPI SUSU SIGNATURE,,,,,,,
REDVELVET LATTE,CARAMEL MACCHIATO,,,,,,
KOREAN GARLIC BREAD,,,,,,,
LUMOS KOPI SUSU SIGNATURE,,,,,,,
LYCHEE YAKULT,,,,,,,
KLEPON LATTE,,,,,,,
AVOCADO PRESSO,BANANA LATTE,,,,,,
LUMOS KOPI SUSU SIGNATURE,,,,,,,
CARAMEL LATTE ICE,REDVELVET LATTE,LUMOS KOPI SUSU SIGNATURE,LEKKER HOLAND,,,,
CAFE LATTE ICE,MACCHIATO ORIGINAL,REDVELVET LATTE,,,,,
KLEPON LATTE,,,,,,,
LYCHEE YAKULT,,,,,,,
CAPPUCINO ICE,CAPPUCINO HOT,,,,,,
GREENTEA MATCHA LATTE,,,,,,,
VANILLA LATTE ICE,,,,,,,
CAFE LATTE ICE,CAFE LATTE HOT,,,,,,
LUMOS KOPI SUSU SIGNATURE,,,,,,,
REDVELVET LATTE,COOKIES AND CREAM LATTE,LYCHEE YAKULT,GREENTEA MATCHA LATTE,HAZELNUT LATTE HOT,HAZELNUT LATTE ICE,,
DURIAN PRESSO,,,,,,,
LUMOS KOPI SUSU SIGNATURE,,,,,,,
LEKKER HOLAND,LUMOS KOPI SUSU SIGNATURE,,,,,,
LYCHEE TEA,GREENTEA MATCHA LATTE,,,,,,
CARAMEL MACCHIATO,,,,,,,
CAPPUCINO HOT,,,,,,,
THAI TEA,CAFE LATTE HOT,,,,,,
HONEY CITRON TEA,CARAMEL MACCHIATO,,,,,,
CARAMEL LATTE ICE,,,,,,,
THAI TEA,,,,,,,
GREENTEA MATCHA LATTE,,,,,,,
CAPPUCINO ICE,GREENTEA MATCHA LATTE,,,,,,
KLEPON LATTE,,,,,,,
CARAMEL MACCHIATO,,,,,,,
LUMOS KOPI SUSU SIGNATURE,,,,,,,
LUMOS KOPI SUSU SIGNATURE,,,,,,,
LYCHEE TEA,,,,,,,
LUMOS KOPI SUSU SIGNATURE,,,,,,,
KLEPON LATTE,CAFE LATTE HOT,,,,,,
KOREAN GARLIC BREAD,,,,,,,
LUMOS KOPI SUSU SIGNATURE,CARAMEL MACCHIATO,,,,,,
LONG BLACK ICE,COOKIES AND CREAM LATTE,LUMOS KOPI SUSU SIGNATURE,,,,,
HAZELNUT LATTE ICE,,,,,,,
CARAMEL LATTE ICE,VANILLA LATTE ICE,LUMOS KOPI SUSU SIGNATURE,LYCHEE YAKULT,,,,
LUMOS KOPI SUSU SIGNATURE,,,,,,,
LUMOS KOPI SUSU SIGNATURE,,,,,,,
LYCHEE TEA,LUMOS KOPI SUSU SIGNATURE,CHOCO LATTE,,,,,
LUMOS KOPI SUSU SIGNATURE,,,,,,,
LUMOS KOPI SUSU SIGNATURE,,,,,,,
LUMOS KOPI SUSU SIGNATURE,,,,,,,
LUMOS KOPI SUSU SIGNATURE,,,,,,,
HAZELNUT LATTE ICE,LYCHEE YAKULT,,,,,,
KLEPON LATTE,,,,,,,
CARAMEL LATTE ICE,,,,,,,
LUMOS KOPI SUSU SIGNATURE,,,,,,,
LEKKER HOLAND,,,,,,,
LUMOS KOPI SUSU SIGNATURE,,,,,,,
KOREAN GARLIC BREAD,LUMOS KOPI SUSU SIGNATURE,,,,,,
LYCHEE TEA,LUMOS KOPI SUSU SIGNATURE,,,,,,
KOREAN GARLIC BREAD,GREENTEA MATCHA LATTE,,,,,,
LEKKER HOLAND,OKINAWA BROWN SUGAR BOBA MILK,,,,,,
LYCHEE YAKULT,KOREAN GARLIC BREAD,CAPPUCINO ICE,,,,,
LYCHEE YAKULT,,,,,,,
LUMOS KOPI SUSU SIGNATURE,,,,,,,
LYCHEE YAKULT,LUMOS KOPI SUSU SIGNATURE,,,,,,
LUMOS KOPI SUSU SIGNATURE,,,,,,,
LYCHEE YAKULT,REDVELVET LATTE,LUMOS KOPI SUSU SIGNATURE,,,,,
HONEY CITRON TEA,,,,,,,
CARAMEL MACCHIATO,CHOCO LATTE,COOKIES AND CREAM LATTE,,,,,
CARAMEL LATTE ICE,LUMOS KOPI SUSU SIGNATURE,,,,,,
AVOCADO PRESSO,,,,,,,
COOKIES AND CREAM LATTE,,,,,,,
MANUAL BREW V60,LUMOS KOPI SUSU SIGNATURE,,,,,,
LUMOS KOPI SUSU SIGNATURE,,,,,,,
LUMOS KOPI SUSU SIGNATURE,,,,,,,
LUMOS KOPI SUSU SIGNATURE,,,,,,,
CAPPUCINO ICE,,,,,,,
CAPPUCINO ICE,,,,,,,
LUMOS KOPI SUSU SIGNATURE,,,,,,,
LUMOS KOPI SUSU SIGNATURE,,,,,,,
BROWN SUGAR BOBA MILK TEA,,,,,,,
LUMOS KOPI SUSU SIGNATURE,LEKKER HOLAND,,,,,,
CARAMEL MACCHIATO,,,,,,,
LUMOS KOPI SUSU SIGNATURE,,,,,,,
CAPPUCINO HOT,,,,,,,
COOKIES AND CREAM LATTE,,,,,,,
OKINAWA BROWN SUGAR BOBA MILK,,,,,,,
COOKIES AND CREAM LATTE,LUMOS KOPI SUSU SIGNATURE,,,,,,
LUMOS KOPI SUSU SIGNATURE,,,,,,,
LUMOS KOPI SUSU SIGNATURE,,,,,,,
DURIAN PRESSO,,,,,,,
OKINAWA BROWN SUGAR BOBA MILK,,,,,,,
DURIAN PRESSO,AVOCADO PRESSO,,,,,,
LUMOS KOPI SUSU SIGNATURE,CAPPUCINO ICE,,,,,,
LONG BLACK HOT,,,,,,,
LUMOS KOPI SUSU SIGNATURE,,,,,,,
LUMOS KOPI SUSU SIGNATURE,,,,,,,
LUMOS KOPI SUSU SIGNATURE,CHOCO LATTE,KOREAN GARLIC BREAD,,,,,
LEKKER HOLAND1,LUMOS KOPI SUSU SIGNATURE1,,,,,,
BOMBOLONI,LEKKER HOLAND,,,,,,
CAPPUCINO ICE,LYCHEE YAKULT,,,,,,
LEKKER HOLAND,,,,,,,
LUMOS KOPI SUSU SIGNATURE,,,,,,,
GREENTEA MATCHA LATTE,,,,,,,
LUMOS KOPI SUSU SIGNATURE,,,,,,,
LUMOS KOPI SUSU SIGNATURE,,,,,,,
MANUAL BREW V60,,,,,,,
CAFE LATTE ICE,,,,,,,
CHOCO LATTE,,,,,,,
LUMOS KOPI SUSU SIGNATURE,,,,,,,
BOMBOLONI,,,,,,,
LUMOS KOPI SUSU SIGNATURE,,,,,,,
LYCHEE YAKULT,CAFE LATTE HOT,,,,,,
LUMOS KOPI SUSU SIGNATURE,,,,,,,
LUMOS KOPI SUSU SIGNATURE,,,,,,,
LYCHEE YAKULT,,,,,,,
CAFE LATTE HOT,,,,,,,
LUMOS KOPI SUSU SIGNATURE,,,,,,,
LUMOS KOPI SUSU SIGNATURE,THAI TEA,,,,,,
LYCHEE YAKULT,,,,,,,
CAPPUCINO HOT,,,,,,,
LYCHEE YAKULT,LUMOS KOPI SUSU SIGNATURE,,,,,,
AVOCADO PRESSO,,,,,,,
LYCHEE YAKULT,,,,,,,
LUMOS KOPI SUSU SIGNATURE,,,,,,,
BOMBOLONI,,,,,,,
CAPPUCINO ICE,CARAMEL MACCHIATO,,,,,,
CAFE LATTE HOT,LUMOS KOPI SUSU SIGNATURE,,,,,,
LUMOS KOPI SUSU SIGNATURE,,,,,,,
CAPPUCINO ICE,CAFE LATTE HOT,,,,,,
THAI TEA,,,,,,,
LUMOS KOPI SUSU SIGNATURE,,,,,,,
COOKIES AND CREAM LATTE,KLEPON LATTE,LUMOS KOPI SUSU SIGNATURE,,,,,
LUMOS KOPI SUSU SIGNATURE,,,,,,,
LUMOS KOPI SUSU SIGNATURE,,,,,,,
LUMOS KOPI SUSU SIGNATURE,,,,,,,
COOKIES AND CREAM LATTE,THAI TEA,,,,,,
LUMOS KOPI SUSU SIGNATURE,,,,,,,
CAFE LATTE ICE,LUMOS KOPI SUSU SIGNATURE,,,,,,
VANILLA LATTE ICE,CAFE LATTE ICE,BOMBOLONI,CHOCO LATTE,MANUAL BREW JAPANESE ICE DRIP,,,
LUMOS KOPI SUSU SIGNATURE,LONG BLACK HOT,,,,,,
CAFE LATTE ICE,CAFE LATTE HOT,,,,,,
LUMOS KOPI SUSU SIGNATURE,,,,,,,
CHOCO LATTE,COOKIES AND CREAM LATTE,,,,,,
KLEPON LATTE,LONG BLACK ICE,,,,,,
LYCHEE YAKULT,LUMOS KOPI SUSU SIGNATURE,OKINAWA BROWN SUGAR BOBA MILK,BROWN SUGAR BOBA MILK TEA,,,,
LUMOS KOPI SUSU SIGNATURE,,,,,,,
LYCHEE YAKULT,COOKIES AND CREAM LATTE,GREENTEA MATCHA LATTE,KLEPON LATTE,,,,
LUMOS KOPI SUSU SIGNATURE,,,,,,,
LUMOS KOPI SUSU SIGNATURE,,,,,,,
LUMOS KOPI SUSU SIGNATURE,,,,,,,
BOMBOLONI,OKINAWA BROWN SUGAR BOBA MILK,,,,,,
LUMOS KOPI SUSU SIGNATURE,,,,,,,
BOMBOLONI,,,,,,,
LUMOS KOPI SUSU SIGNATURE,,,,,,,
LYCHEE YAKULT,LUMOS KOPI SUSU SIGNATURE,,,,,,
CAFE LATTE ICE,,,,,,,
LYCHEE YAKULT,,,,,,,
COOKIES AND CREAM LATTE,LUMOS KOPI SUSU SIGNATURE,BOBA PEARL,,,,,
LUMOS KOPI SUSU SIGNATURE,,,,,,,
LUMOS KOPI SUSU SIGNATURE,,,,,,,
REDVELVET LATTE,CARAMEL MACCHIATO,,,,,,
CAPPUCINO ICE,GREENTEA MATCHA LATTE,,,,,,
CHOCO LATTE,HAZELNUT LATTE ICE,,,,,,
LUMOS KOPI SUSU SIGNATURE,,,,,,,
LYCHEE YAKULT,LUMOS KOPI SUSU SIGNATURE,,,,,,
CAPPUCINO ICE,,,,,,,
MANUAL BREW JAPANESE ICE DRIP,MANUAL BREW V60,,,,,,
GREENTEA MATCHA LATTE,,,,,,,
CHOCO LATTE,LUMOS KOPI SUSU SIGNATURE,,,,,,
KOREAN GARLIC BREAD,,,,,,,
COOKIES AND CREAM LATTE,CARAMEL LATTE ICE,,,,,,
VANILLA LATTE ICE,LUMOS KOPI SUSU SIGNATURE,,,,,,
LYCHEE YAKULT,AVOCADO PRESSO,,,,,,
LUMOS KOPI SUSU SIGNATURE,,,,,,,
LUMOS KOPI SUSU SIGNATURE,,,,,,,
HAZELNUT MACCHIATO,LUMOS KOPI SUSU SIGNATURE,,,,,,
GREENTEA MATCHA LATTE,LUMOS KOPI SUSU SIGNATURE,,,,,,
LUMOS KOPI SUSU SIGNATURE,,,,,,,
LUMOS KOPI SUSU SIGNATURE,,,,,,,
LUMOS KOPI SUSU SIGNATURE,,,,,,,
GREENTEA MATCHA LATTE,VANILLA LATTE ICE,LUMOS KOPI SUSU SIGNATURE,COOKIES AND CREAM LATTE,LYCHEE YAKULT,,,
LUMOS KOPI SUSU SIGNATURE,,,,,,,
CAFE LATTE ICE,,,,,,,
MANUAL BREW JAPANESE ICE DRIP,,,,,,,
AVOCADO PRESSO,GREENTEA MATCHA LATTE,CHOCO LATTE,,,,,
LEKKER HOLAND,KOREAN GARLIC BREAD,LUMOS KOPI SUSU SIGNATURE,,,,,
LUMOS KOPI SUSU SIGNATURE,,,,,,,
LUMOS KOPI SUSU SIGNATURE,,,,,,,
THAI TEA,,,,,,,
LUMOS KOPI SUSU SIGNATURE,,,,,,,
LEKKER HOLAND,AVOCADO PRESSO,,,,,,
CAFE LATTE ICE,,,,,,,
BOMBOLONI,LUMOS KOPI SUSU SIGNATURE,,,,,,
KOREAN GARLIC BREAD,,,,,,,
LUMOS KOPI SUSU SIGNATURE2,,,,,,,
LYCHEE YAKULT,REDVELVET LATTE,COOKIES AND CREAM LATTE,,,,,
KOREAN GARLIC BREAD,VANILLA LATTE ICE,LYCHEE YAKULT,,,,,
STRAWBERRY SPARKLING,,,,,,,
STRAWBERRY SPARKLING,REDVELVET LATTE,,,,,,
THAI TEA,GREENTEA MATCHA LATTE,,,,,,
LEKKER HOLAND,,,,,,,
LONG BLACK HOT,CAPPUCINO HOT,,,,,,
LUMOS KOPI SUSU SIGNATURE,CAPPUCINO HOT,,,,,,
LUMOS KOPI SUSU SIGNATURE,,,,,,,
KLEPON LATTE,,,,,,,
KLEPON LATTE,,,,,,,
GREENTEA MATCHA LATTE,LYCHEE YAKULT,LUMOS KOPI SUSU SIGNATURE,,,,,
LUMOS KOPI SUSU SIGNATURE,,,,,,,
LUMOS KOPI SUSU SIGNATURE,,,,,,,
LUMOS KOPI SUSU SIGNATURE,,,,,,,
THAI TEA,LUMOS KOPI SUSU SIGNATURE,,,,,,
LYCHEE YAKULT,,,,,,,
LUMOS KOPI SUSU SIGNATURE,,,,,,,
LUMOS KOPI SUSU SIGNATURE,,,,,,,
LUMOS KOPI SUSU SIGNATURE,,,,,,,
COOKIES AND CREAM LATTE,,,,,,,
LYCHEE TEA,,,,,,,
BOBA PEARL,LUMOS KOPI SUSU SIGNATURE,,,,,,
HAZELNUT LATTE ICE,STRAWBERRY YAKULT,,,,,,
CARAMEL MACCHIATO,,,,,,,
CAFE LATTE HOT,LUMOS KOPI SUSU SIGNATURE,,,,,,
LUMOS KOPI SUSU SIGNATURE,,,,,,,
CAPPUCINO HOT,CAPPUCINO ICE,,,,,,
CAPPUCINO HOT,,,,,,,
STRAWBERRY YAKULT,LUMOS KOPI SUSU SIGNATURE,,,,,,
LYCHEE YAKULT,LUMOS KOPI SUSU SIGNATURE,,,,,,
LUMOS KOPI SUSU SIGNATURE,,,,,,,
LYCHEE TEA,STRAWBERRY YAKULT,,,,,,
LUMOS KOPI SUSU SIGNATURE,,,,,,,
LUMOS KOPI SUSU SIGNATURE,,,,,,,
LUMOS KOPI SUSU SIGNATURE,,,,,,,
LEKKER HOLAND,CHOCO LATTE,CARAMEL MACCHIATO,,,,,
CAPPUCINO ICE,DURIAN PRESSO,,,,,,

